transacoes,linha,cartoes_unicos,carros_unicos,Seg,Ter,Qua,Qui,Sex,Sáb,Dom
10511,128013 - NOVA IGUAÇU - XEREM,2895,54,0,0,5121,5168,222,0,0
9015,408M - Alcântara - Niterói (via Porto Velho),2291,37,0,0,3812,3861,1342,0,0
8943,128001 - S.JOÃO X CAXIAS (METRÓPOLE),2263,25,0,0,4424,4343,176,0,0
8930,431I - NILOPOLIS - NOVA IGUAÇU,1819,26,0,0,3710,3757,1463,0,0
8825,548P - NILOPOLIS - CAMPO GRANDE,2555,44,0,0,4231,3890,704,0,0
8501,551 - NOVA IGUAÇU - PENHA,2462,38,0,0,4286,4150,65,0,0
8212,516M - MUTUAPIRA - NITERÓI ( VIA DR. MARCH ),2100,32,0,0,3800,4041,371,0,0
8093,106 - SÃO JOÃO - NILÓPOLIS,1989,19,0,0,3694,3777,622,0,0
8075,531MA - NITEROI X J. ALCÂNTARA (V. DR MARCH),2100,23,0,0,3872,3670,533,0,0
7207,515M - PORTO DO ROSA - NITERÓI ( VIA PORTO VELHO ),2052,29,0,0,3517,3514,176,0,0
7052,128023 - S. VICENTE - MEIER,2305,27,0,0,3301,3407,344,0,0
6948,138I - CAXIAS - NILOPOLIS ( VIA JARDIM AMERICA),2177,22,0,0,3384,3323,241,0,0
6852,128014 - J. REDENTOR - CASCADURA,2334,32,0,0,3024,3123,705,0,0
6772,415T-MS - BARRA DA TIJUCA - MAGE,2161,45,0,0,3306,3026,440,0,0
6751,128002 - S. JOÃO X CAXIAS (V. TELES),1984,14,0,0,2615,2583,1553,0,0
6732,128024 - PAVUNA - VALE DO IPÊ,2092,35,0,0,2803,2720,1209,0,0
6428,428L - NOVA AURORA X BONSUCESSO,2144,36,0,0,3212,3103,113,0,0
6201,128008 - N. IGUAÇU - CAXIAS ( LOTE XV),2120,30,0,0,3001,2959,241,0,0
6089,429 - QUEIMADOS - CAXIAS,2009,21,0,0,3223,2811,55,0,0
6033,502 - VALE DO IPE - DUQUE DE CAXIAS,2064,31,0,0,3050,2761,222,0,0
6006,484M - ALCÂNTARA - NITERÓI ( VIA TRIBOBÓ ),1854,32,0,0,3015,2661,330,0,0
5916,532M - Alcântara - Niterói (via Dr. March),1939,22,0,0,2975,2941,0,0,0
5743,727 - PARQUE ARARUAMA - GRAMACHO,1874,20,0,0,2972,2771,0,0,0
5719,404 IDK - DUQUE DE CAXIAS - PIABETÁ (VIA MARACANÃ),2082,34,0,0,2330,1993,1396,0,0
5617,128004 - N. IGUAÇU - CAXIAS (V.TELES),1850,18,0,0,2797,2814,6,0,0
5444,565I - ENG. PEDREIRA - QUEIMADOS,1470,13,0,0,2501,2558,385,0,0
5405,553 - PAVUNA - STA. MARIA,1655,21,0,0,2614,2710,81,0,0
5321,MB14SEC - CACHOEIRAS X ITABORAI,1496,12,0,0,2751,2271,299,0,0
5303,PXV-NIT - PRAÇA XV X ARARIBOIA,1578,34,0,0,2670,2633,0,0,0
5250,726 - ESTRADA DAS PEDRINHAS - SARAPUI,2038,22,0,0,2197,2673,380,0,0
5198,549M - NITERÓI - SANTA ISABEL ( VIA TRIBOBÓ ),1800,40,0,0,2534,2278,386,0,0
5153,405DKA - CAXIAS - PIABETÁ (LOTE XV),1949,24,0,0,2333,2367,453,0,0
5118,499 - PARQUE SAO JOSE - DUQUE DE CAXIAS,1603,31,0,0,2446,2428,244,0,0
5005,180I - NOVA IGUAÇU - JAPERI,1552,24,0,0,2757,2209,39,0,0
4855,128003 - S. JOÃO - CAXIAS (MATADOURO),1845,15,0,0,1999,2062,794,0,0
4815,413M - NITERÓI - VENDA DAS PEDRAS ( VIA BR-101 ),1798,47,0,0,2379,1931,505,0,0
4800,110414 - JD. METROPOLES X CAXIAS,1486,17,0,0,2123,2038,639,0,0
4756,544 - NOVA IGUAÇU - MEIER (N. SHOPPING),1978,31,0,0,2400,2354,2,0,0
4641,541 - NOVA IGUAÇU - CASCADURA,2065,23,0,0,2380,2186,75,0,0
4598,MB22 - ALCÂNTARA - TANGUÁ,1658,24,0,0,2326,1596,676,0,0
4556,171001 - D. DE CAXIAS - S. J. DE MERITI( VIA V. VELHA),1347,11,0,0,1727,1785,1044,0,0
4525,541 - NOVA IGUAÇU - PAVUNA ( VIA LIGHT),1719,31,0,0,1878,1844,803,0,0
4382,409M - Alcântara - Niterói (via Trindade),1645,24,0,0,1781,1840,761,0,0
4318,421 - MIGUEL COUTO X PAVUNA,1612,22,0,0,2164,2121,33,0,0
4286,128016 - J. BOTÂNICO - CASCADURA (P.BAND),1765,20,0,0,1966,1967,353,0,0
4266,403M - NITERÓI - TRINDADE ( VIA PORTO VELHO ),1689,22,0,0,1739,2246,281,0,0
4248,800 - NOVA AURORA X MADUREIRA,1732,26,0,0,2168,1988,92,0,0
4151,705P - EDSON PASSOS - BANGU,1985,21,0,0,1923,2006,222,0,0
4126,707 - MIGUEL COUTO X OLINDA,1553,12,0,0,1969,1850,307,0,0
3991,422M - Niterói - Portão do Rosa,1677,14,0,0,1998,1841,152,0,0
3986,520I - QUEIMADOS - CABUÇU,1242,18,0,0,1795,1609,582,0,0
3860,560L - DUQUE DE CAXIAS - MÉIER (VIA JOSÉ DOS REIS),1350,43,0,0,1652,1556,652,0,0
3799,580I - TRES FONTES - PAVUNA (VIA VIA LIGHT),1542,25,0,0,1864,1792,143,0,0
3756,530 - GENECIANO X NOVA IGUACU,1343,15,0,0,1822,1692,242,0,0
3754,133027 - SANTA SOFIA  X COELHO NETO,1696,31,0,0,1932,1697,125,0,0
3740,444L - PIABETA X PENHA,1707,42,0,0,1430,1466,844,0,0
3671,417T - XEREM - BARRA DA TIJUCA,1456,26,0,0,1840,1803,28,0,0
3662,423 - TINGUA X PAVUNA,1491,13,0,0,1770,1671,221,0,0
3653,205 - N.IGUACUXB.ROXO (PIAM),1247,12,0,0,1850,1803,0,0,0
3619,757M - ALCÂNTARA - VENDA DAS PEDRAS,1453,21,0,0,1748,1074,797,0,0
3567,749L - MORRO AGUDO - PAVUNA (VIA LIGTH),1379,23,0,0,1707,1860,0,0,0
3546,443MA - NITEROI X BOA VISTA,1237,14,0,0,1623,1677,246,0,0
3479,500 - BAIRRO VONA (VIA PARQUE FLU - DUQUE DE CAXIAS,1245,19,0,0,1796,1664,19,0,0
3432,494 - DUQUE DE CAXIAS X PILARES (VIA CIDADE ALTA),1329,21,0,0,1779,1375,278,0,0
3356,567D - CANDELÁRIA - VENDA DAS PEDRAS ( VIA PPCS ),1306,57,0,0,1761,1321,274,0,0
3328,133012 - CAMPO GRANDE - SANTA SOFIA,1594,25,0,0,1566,1546,216,0,0
3306,2144R - MARICA - NITEROI TA,1196,54,0,0,1631,1597,78,0,0
3285,2146D - MARICA - CASTELO TA,1374,62,0,0,1512,1585,188,0,0
3274,110465 - ANDORINHAS X CAXIAS,1284,15,0,0,1371,1565,338,0,0
3261,128037 - PAVUNA-SGT RONCALI (V.PAULINE),1269,11,0,0,1307,1364,590,0,0
3261,485 - DUQUE DE CAXIAS X PILARES,1323,21,0,0,1591,1448,222,0,0
3250,537R - ITAIPU - NITEROI SA,1311,34,0,0,1493,1446,311,0,0
3223,800 - MAGE X CANECA FINA,1275,10,0,0,1473,1308,442,0,0
3201,529MA - NITEROI X CEASA (VIA BARRO VERMELHO),1391,10,0,0,1476,1597,128,0,0
3151,3409M - Niterói - Trindade (via BR-101),1211,29,0,0,1486,1510,155,0,0
3149,418 - PARQUE SUECIA - DUQUE DE CAXIAS,1159,20,0,0,1610,1445,94,0,0
3117,128029 - NILOPÓLIS - PAVUNA (TOMAZINHO),1127,15,0,0,1346,1257,514,0,0
3099,MB33SEC - ALCÂNTARA - RIO BONITO,1387,24,0,0,1525,1339,235,0,0
3089,704P - CAMPO GRANDE - LAGOINHA,1305,14,0,0,1629,1460,0,0,0
3047,404M - NITERÓI - TRINDADE ( VIA BR-101 ),1322,37,0,0,1334,1635,78,0,0
3045,R1CBL - ESTAÇÃO CENTRAL DO BRASIL - SUPERVIA,763,30,0,0,1530,1515,0,0,0
3009,437I - NILÓPOLIS - VILAR DOS TELES (VIA TELES),1402,12,0,0,1266,1222,521,0,0
2995,603ISEC - NOVA IGUAÇU - MAGÉ,1419,32,0,0,1364,1298,333,0,0
2908,428 - CABRAL - COMENDADOR SOARES,1343,12,0,0,1508,1367,33,0,0
2867,MB10SEC - ITABORAÍ - RIO BONITO,1250,18,0,0,1008,1340,519,0,0
2859,751L - MORRO AGUDO - PAVUNA (VIA COSMORAMA),1238,14,0,0,1475,1263,121,0,0
2850,122Q - MAGÉ - ALCÂNTARA ( VIA ITAMBI ),1342,19,0,0,1338,1282,230,0,0
2751,128025 - PAVUNA - J.BOM PASTOR,1071,8,0,0,1093,1077,581,0,0
2744,737 - BELFORD ROXO - DEODORO,1452,11,0,0,1357,1306,81,0,0
2735,450TDK - NOVA IGUACU X ITACURUCA (VIA AV. BRASIL),1510,12,0,0,1173,1197,365,0,0
2713,449 - AMAPA - DUQUE DE CAXIAS,1135,19,0,0,1245,1244,224,0,0
2699,128030 - NILÓPOLIS X SHOPPING GRANDE RIO (VIA PORTUGAL,1100,6,0,0,1258,1286,155,0,0
2665,547P - JARDIM PARAISO - SEPETIBA,1119,11,0,0,1332,1276,57,0,0
2574,561L - DUQUE DE CAXIAS - FREGUESIA,1177,46,0,0,1092,1138,344,0,0
2569,128017 - VILA NORMA - CASCADURA,1289,11,0,0,1175,1288,106,0,0
2528,113417D - CACUIA - VILAR DOS TELES,1444,15,0,0,1315,1113,100,0,0
2527,675 I - NOVA IGUAÇU - BNH (VIA MESQUITA),927,12,0,0,1136,1222,169,0,0
2515,771A - PENDOTIBA X CASTELO,1015,21,0,0,1214,1204,97,0,0
2513,268 - MACAE-UNAMAR URB,1075,14,0,0,982,968,563,0,0
2512,489M - NITERÓI - APOLO III ( VIA BR-101 ),1156,32,0,0,1230,1073,209,0,0
2497,430M - CABUÇU - NITERÓI,1105,26,0,0,1174,984,339,0,0
2490,512 - CAXIAS X PARADA ANGELICA,1264,17,0,0,1249,1240,1,0,0
2467,544P - NILOPOLIS - SEROPEDICA,1243,11,0,0,1181,1284,2,0,0
2466,128028 - NILÓPOLIS - PAVUNA (ÉDEN),1009,7,0,0,1022,1020,424,0,0
2408,432 - NOVA IGUAÇU - BANGU,1367,22,0,0,1120,1173,115,0,0
2399,728M - ALCÂNTARA - ITAMBI,1104,20,0,0,1400,841,158,0,0
2396,437P - CAMPO LINDO - PARACAMBI,1000,18,0,0,1205,1106,85,0,0
2348,447 - VALE DAS MANGUEIRAS (VIA PARQ) - DUQUE DE CAX,950,15,0,0,1132,1191,25,0,0
2323,564L - DUQUE DE CAXIAS - VICENTE DE CARVALHO,957,17,0,0,1071,910,342,0,0
2319,770A - ITAIPU - CASTELO,997,21,0,0,1169,1093,57,0,0
2298,530MA - NITERÓI X COLUBANDE,1159,8,0,0,1271,964,63,0,0
2291,421I - GENECIANO X PAVUNA,1194,15,0,0,1209,941,141,0,0
2269,488 - DUQUE DE CAXIAS - USINA,1074,17,0,0,1070,1109,90,0,0
2219,434L - NOVA IGUAÇU - TAQUARA,1110,11,0,0,1121,1098,0,0,0
2165,640I - QUEIMADOS - ENGº. PEDREIRA,765,7,0,0,955,891,319,0,0
2161,155I - NOVA IGUAÇU - QUEIMADOS (VIA CAMORIM),1020,13,0,0,1119,973,69,0,0
2141,5400M - Niterói - Nova Cidade (via BR-101),998,21,0,0,1037,1104,0,0,0
2101,431-M - CABUÇU - ALCÂNTARA,964,6,0,0,1178,606,317,0,0
2078,562L - DUQUE DE CAXIAS - FREGUESIA(VIA ROCHA MIRANDA E PAU-FERRO),1014,46,0,0,961,874,243,0,0
2077,133009 - CAMPOR GRANDE - ILHA DA MADEIRA,1164,11,0,0,954,946,177,0,0
2068,509 - CAXIAS X CANGULO (BR 493),1050,13,0,0,1055,975,38,0,0
2049,P412 - AVELAR - GOVERNADOR PORTELA VIA VISTA ALEGRE,839,7,0,0,1014,1035,0,0,0
2037,102C - DUQUE DE CAXIAS - CENTRAL (VIA 25 AGOSTO),1085,46,0,0,784,782,471,0,0
2009,404 I - DUQUE DE CAXIAS X PIABETÁ (VIA MARACANÃ),1199,14,0,0,652,886,471,0,0
1986,128027 - PAVUNA - STA. TEREZA,964,7,0,0,762,771,453,0,0
1983,570I - ENG. PEDREIRA - QUEIMADOS (V. STA AMELIA),683,9,0,0,979,914,90,0,0
1979,128007 - S. VICENTE - CAXIAS,996,5,0,0,900,936,143,0,0
1967,501 - PRAÇA BOM PASTOR - DUQUE DE CAXIAS,867,16,0,0,1011,909,47,0,0
1964,436S - ITAGUAI - SANTA SOFIA,924,16,0,0,889,919,156,0,0
1954,120 I - BELFORD ROXO - NOVA IGUAÇU,848,6,0,0,961,993,0,0,0
1924,489 - DUQUE DE CAXIAS - PRAÇA SAENS PEÑA (VIA PRAÇA DAS NAÇÕES),992,13,0,0,865,975,84,0,0
1870,111196 - GUAPIMIRIM X PRAÇA MAUA,1041,42,0,0,682,812,376,0,0
1854,495L - DUQUE DE CAXIAS X PENHA,926,9,0,0,832,838,184,0,0
1849,536MA - NITERÓI X SAO GONÇALO(VIA BOA VISTA CIRCULAR),998,5,0,0,952,837,60,0,0
1838,128012 - N. IGUAÇU - PQ SÃO JOSÉ,912,7,0,0,855,865,118,0,0
1836,499 - CABUÇU - CENTRAL,878,73,0,0,900,902,34,0,0
1831,103C - DUQUE DE CAXIAS - PRAÇA MAUÁ (VIA 25 AGOSTO),1037,51,0,0,622,726,483,0,0
1804,651 - FRIBURGO - MACUCO URB.,666,22,0,0,723,733,348,0,0
1797,526MA - NITERÓI X ANTONINA (V. PORTO DA PEDRA),954,7,0,0,936,817,44,0,0
1787,112C - DUQUE DE CAXIAS - CENTRAL (VIA LINHA VERMELHA/AV. BRASIL),1017,43,0,0,790,786,211,0,0
1783,128011 - N. IGUAÇU - SGT. RONCALI,933,6,0,0,821,817,145,0,0
1773,607I - NOVA IGUAÇU - B. PARAÍSO (VIA AUSTIN E GUIM.),861,10,0,0,891,815,67,0,0
1771,519M - FAZENDA DOS MINEIROS - NITERÓI ( VIA BR-101 ),946,17,0,0,636,931,204,0,0
1746,MP74DK - PATY - JAPERI,782,8,0,0,923,823,0,0,0
1743,L1 CTR - Estação Central - Metrô,599,23,0,0,873,870,0,0,0
1742,610I - AUSTIN-QUEIMADOS (VIA INCONFIDENCIA),741,4,0,0,911,831,0,0,0
1735,492 - CENTRAL - VILA DE CAVA,866,62,0,0,864,788,83,0,0
1732,B105SEC - ARARUAMA - RIO BONITO,838,12,0,0,818,806,108,0,0
1725,546 - NOVA IGUAÇU - TAQUARA(V.BRIGADA PARAQUEDISTA),1119,16,0,0,870,834,21,0,0
1722,595 - CHARITAS - GAVEA URB,972,23,0,0,865,777,80,0,0
1701,546R - MARICA - RIO DO OURO (M-AP),772,16,0,0,663,639,399,0,0
1688,B110SEC - SILVA JARDM - RIO BONITO,647,8,0,0,666,615,407,0,0
1687,110 - SÃO GONÇALO X PASSEIO ( VIA LEOPOLDINA),819,47,0,0,789,701,197,0,0
1678,491M - NITERÓI - SANTA LUZIA ( VIA BR-101 ),902,29,0,0,775,761,142,0,0
1671,128042 - DUQUE DE CAXIAS - ITAGUAI (VIA NOVA IGUAÇU),1085,14,0,0,837,766,68,0,0
1654,128041 - DUQUE DE CAXIAS - NILÓPOLIS,989,13,0,0,859,794,1,0,0
1628,540R - JOQUEI - NITEROI SA,883,31,0,0,737,782,109,0,0
1591,594 - CHARITAS - LEME URB,885,26,0,0,601,733,257,0,0
1586,590M - Niterói - Amendoeiras (via Tribobó),712,11,0,0,707,775,104,0,0
1581,513 - CAXIAS X NOVA CAMPINAS,940,10,0,0,786,735,60,0,0
1579,133028 - ITAGUAÍ X COELHO NETO,889,14,0,0,757,753,69,0,0
1577,490 - CENTRAL - MIGUEL COUTO,734,75,0,0,772,721,84,0,0
1571,809 - CHARITAS-GAVEA V.LAPA URB,907,21,0,0,661,747,163,0,0
1547,468C - CENTRAL - PIABETÁ (VIA IMBARIÊ),902,41,0,0,765,770,12,0,0
1512,100D - Niterói - Candelária,814,12,0,0,800,710,2,0,0
1506,568L - DUQUE DE CAXIAS X PRAÇA SECA (VIA VAZ LOBO),843,35,0,0,680,694,132,0,0
1478,505 - CAXIAS X YPIRANGA (VIA SURUI),936,14,0,0,603,659,216,0,0
1478,411N - IMBARIE X PETROPOLIS,818,8,0,0,686,688,104,0,0
1462,716L - SANTA RITA - PAVUNA,938,15,0,0,834,616,12,0,0
1455,541R - NITERÓI X JÓQUEI (ARSENAL),837,29,0,0,644,648,163,0,0
1452,714 - PONTO CHIC - BARRO VERMELHO,814,6,0,0,735,717,0,0,0
1442,535 - BABI X NOVA IGUACU,689,6,0,0,724,718,0,0,0
1428,562I - AUSTIN - PAVUNA,881,14,0,0,694,711,23,0,0
1425,423 - SÃO GONÇALO X VILA IZABEL,700,37,0,0,609,614,202,0,0
1412,630I - NOVA IGUAÇU-XAVANTE (VIA HELIÓPOLIS),729,5,0,0,623,693,96,0,0
1410,128021 - J.NOVO RIO - CASCADURA,872,6,0,0,716,683,11,0,0
1381,121Q - MAGÉ - NITERÓI ( VIA ITAMBI ),850,17,0,0,671,600,110,0,0
1376,206I - NOVA IGUAÇU - BELFORD ROXO (VIA EST. IGUAÇU),788,5,0,0,711,665,0,0,0
1372,492 - DUQUE DE CAXIAS X ENGENHO DA RAINHA,730,9,0,0,634,682,56,0,0
1353,128038 - NOVA AURORA - MADUREIRA,891,11,0,0,714,639,0,0,0
1332,466C - SAO FRANCISCO DO CROARA - CENTRAL,738,29,0,0,685,619,28,0,0
1330,525 - VILA DE CAVA X BELFORD ROXO,727,6,0,0,652,567,111,0,0
1310,167014 - PRAÇA DA BANDEIRA - CENTRAL,681,11,0,0,630,646,34,0,0
1295,780 - SAO FRANCISCO X MESQUITA,690,6,0,0,592,703,0,0,0
1293,133038 - CHAPERÓ - SANTA CRUZ,593,7,0,0,497,493,303,0,0
1286,569L - DUQUE DE CAXIAS X MADUREIRA (VIA ROCHA MIRANDA),729,37,0,0,566,513,207,0,0
1281,110125 - MAGE X CENTRAL,788,44,0,0,521,502,258,0,0
1278,L1 BTF - Estação Botafogo - Metrô,495,18,0,0,654,624,0,0,0
1265,131I - NOVA IGUAÇU - CAXIAS (VIA LIGHT),772,9,0,0,617,624,24,0,0
1254,128015 - J. BOTÂNICO - CASCADURA (PREF),810,8,0,0,661,593,0,0,0
1243,620 - N.IGUACU X N.AURORA (ITAIPU),699,5,0,0,618,498,127,0,0
1236,500R - MARICÁ X ALCÂNTARA SAC,674,11,0,0,517,447,272,0,0
1230,570DA - SANTA ROSA - PASSEIO,731,16,0,0,499,495,236,0,0
1224,B100 - RIO BONITO - SAQUAREMA,640,9,0,0,525,566,133,0,0
1208,110465D - ANDORINHAS - CAXIAS,750,5,0,0,568,503,137,0,0
1187,705I - MIGUEL COUTO - EDSON PASSOS (VIA DUTRA),676,6,0,0,590,597,0,0,0
1185,605I - AUSTIN-QUEIMADOS (VIA GUIMARAES),528,3,0,0,613,572,0,0,0
1184,128005 - J. BOTÂNICO - CAXIAS,644,6,0,0,592,592,0,0,0
1158,128040 - N. IGUAÇU - PQ SÃO JOSÉ,657,5,0,0,536,524,98,0,0
1156,445MA - ENGENHO PEQUENO - NITEROI (VIA MENTOR COUTO),647,3,0,0,571,512,73,0,0
1154,703A - SANTA ROSA - VILA ISABEL,633,17,0,0,540,556,58,0,0
1151,137I - NOVA IGUAÇU - CAIXAS ( VIA DUTRA),697,21,0,0,560,510,81,0,0
1148,401M - Luiz Caçador - Niterói (via Porto Velho),724,11,0,0,565,495,88,0,0
1145,461I - NOVA IGUACU X FABRICA DE POLVORA,636,6,0,0,552,593,0,0,0
1143,400M - Bairro das Palmeiras - Niterói (via Nova Cidade),732,9,0,0,533,572,38,0,0
1127,143C - NITERÓI - NOVA IGUAÇU ( VIA PPCS/S. J. MERITI ),715,20,0,0,527,531,69,0,0
1121,535 - ALCÂNTARA X ESTÁCIO,624,28,0,0,462,431,228,0,0
1117,MB36 - ALCÂNTARA - ITABORAÍ,588,11,0,0,672,412,33,0,0
1106,451B - ENG. PEDREIRA - CENTRAL,668,19,0,0,492,524,90,0,0
1103,133036 - CESARÃO - ITAGUAÍ,649,7,0,0,472,558,73,0,0
1103,124B - NILOPOLIS - PASSEIO ( VIA PARADA DE LUCAS),637,13,0,0,525,571,7,0,0
1097,446MA - NITEROI X ENGEMHO PEQUENO (V. MENTOR COUTO),642,5,0,0,553,508,36,0,0
1073,L2 PVN - Estação Pavuna - Metrô,433,16,0,0,523,550,0,0,0
1056,561I - SANTA RITA - PAVUNA ( VIA PONTO CHIC ),687,9,0,0,520,536,0,0,0
1053,128009 - N. IGUAÇU - CAXIAS (V.PAULINE),729,7,0,0,563,490,0,0,0
1052,415C - CENTRAL  -  JARDIM LEAL ( VIA GRAMACHO),643,39,0,0,403,431,218,0,0
1024,425D - Alcântara - Campo Grande (via Vila Militar),635,20,0,0,422,465,137,0,0
1013,606I - QUEIMADOS - VILAR DOS TELES (VIA DUTRA),603,9,0,0,532,481,0,0,0
1003,645I - QUEIMADOS - ENGº PEDREIRA ( VIA DUTRA),615,6,0,0,444,397,162,0,0
999,119T - DUQUE DE CAXIAS - ITAGUAÍ (VIA BANGU/CAMPO GRANDE),711,29,0,0,488,404,107,0,0
980,121T - DUQUE DE CAXIAS - ITAGUAÍ,674,23,0,0,443,410,127,0,0
977,L1 CRC - Estação Carioca - Metrô,458,16,0,0,504,473,0,0,0
967,107I - NILÓPOLIS - SAO JOAO DE MERITI VIA NOVA CIDAD,687,3,0,0,456,492,19,0,0
959,750R - ITAIPUAÇU X ALCÂNTARA,542,8,0,0,541,398,20,0,0
931,621 - N.IGUACU X N.AURORA (AV GLORIA),585,7,0,0,358,547,26,0,0
896,431C - DUQUE DE CAXIAS - MARCÍLIO DIAS (VIA MERCADO SÃO SEBASTIÃO),598,15,0,0,361,356,179,0,0
882,542R - ANAIA - NITEROI SA,525,25,0,0,466,416,0,0,0
877,167002 - CENTRAL - VILA TIRADENTES,554,8,0,0,441,398,38,0,0
876,460I - NOVA IGUACU X DELAMARE,460,8,0,0,434,442,0,0,0
874,417M - MANILHA - NITERÓI ( VIA BR-101 ),542,23,0,0,420,335,119,0,0
861,523MA - NITEROI X PRAIA PEDRINHAS,575,5,0,0,456,359,46,0,0
858,"457U - CONCEIÇÃO DE JACAREÍ - ITAGUAÍ (VIA MANGARATIBA) ""SAC""",585,10,0,0,423,421,14,0,0
846,193C - CENTRAL - PARACAMBI,499,25,0,0,363,332,151,0,0
842,440B - QUEIMADOS - CENTRAL,545,31,0,0,346,337,159,0,0
839,"455U - ITAGUAÍ - MURIQUI ""SA""",543,9,0,0,480,304,55,0,0
837,815 - MAGE X VALE DAS PEDRINHAS,320,2,0,0,381,366,90,0,0
832,128018 - COSMORAMA - CASCADURA,607,4,0,0,457,375,0,0,0
831,486L - BAR DOS CAV - LARGO DA CANCELA,568,9,0,0,361,425,45,0,0
818,483M - JARDIM CATARINA - NITERÓI ( VIA TRIBOBÓ ),575,22,0,0,397,271,150,0,0
815,111C - DUQUE DE CAXIAS - CENTRAL (VIA VIGÁRIO GERAL),543,40,0,0,241,296,278,0,0
800,129B - NILOPOLIS - CENTRAL (V. NORMA),507,11,0,0,390,410,0,0,0
789,141C - DUQUE DE CAXIAS - NITERÓI ( VIA PPCS ),551,13,0,0,401,388,0,0,0
785,201 - N.IGUACUXB.ROXO (ENG PEQ),468,3,0,0,157,545,83,0,0
776,415T-BV - DUQUE DE CAXIAS X BARRA DA TIJUCA,508,24,0,0,382,344,50,0,0
773,470 - TAQUARA X CENTRAL (VIA PARADA ANGELICA],509,31,0,0,401,329,43,0,0
769,133002 - SANTA SOFIA - CENTRAL,520,13,0,0,367,302,100,0,0
765,587 DK - NITEROI-ARARUAMA V.SERRA URB,586,3,0,0,375,390,0,0,0
760,406 IDK - DUQUE DE CAXIAS - PIABETA (VIA BONGABA),586,8,0,0,299,296,165,0,0
757,426M - ITAMBI - NITERÓI ( VIA BR-101 ),500,11,0,0,315,304,138,0,0
754,4144R - NITEROI - ITAIPUACU TA,451,32,0,0,385,353,16,0,0
751,442B - CABUÇU - CENTRAL,486,19,0,0,347,374,30,0,0
748,7721D - SANTA ISABEL - CANDELÁRIA,412,38,0,0,323,383,42,0,0
745,122B - C. SOARES - CENTRAL,481,22,0,0,383,332,30,0,0
745,407DKA - CAXIAS - RAIZ DA SERRA,447,5,0,0,401,344,0,0,0
737,PXV-PQ - PRAÇAXV X PAQUETA,300,7,0,0,363,374,0,0,0
732,MB15D - CACHOEIRA DE MACACU X MAGE,484,2,0,0,344,388,0,0,0
724,423M - Niterói - Portão do Rosa (via BR-101),403,22,0,0,347,377,0,0,0
720,R2CGE - ESTAÇÃO CAMPO GRANDE - SUPERVIA,314,8,0,0,366,354,0,0,0
720,117T - CAXIAS X MANGARATIBA (VIA CAMPO GRANDE),507,11,0,0,380,264,76,0,0
719,133003 - CABUÇU - CENTRAL,495,9,0,0,373,318,28,0,0
714,617 - CHARITAS - AEROPORTO INTERNACIONAL,456,19,0,0,373,291,50,0,0
702,133024 - CABUÇU - COELHO NETO,495,10,0,0,336,366,0,0,0
701,536R - NITEROI - V.DAS MOCAS M.PAULA SA,432,21,0,0,344,346,11,0,0
688,600M - TANGUÁ - ITABORAÍ (VIA POSSE),332,4,0,0,333,355,0,0,0
687,R1MRA - ESTAÇÃO MADUREIRA - SUPERVIA,332,12,0,0,366,321,0,0,0
680,PXV-CHT - PRAÇAXV - CHARITAS,340,6,0,0,338,342,0,0,0
676,420T - MESQUITA - NILOPOLIS X BARRA DA TIJUCA,428,11,0,0,318,358,0,0,0
671,702B - AUSTIN X MERCADO SAO SEBASTIAO,460,13,0,0,323,333,15,0,0
668,500R - MARICA - ALCANTARA SAC,442,5,0,0,356,262,50,0,0
666,415T-BS - DUQUE DE CAXIAS - BARRA DA TIJUCA,463,12,0,0,318,301,47,0,0
666,L1 URG - Estação Uruguaiana - Metrô,366,15,0,0,345,321,0,0,0
665,480M - NITERÓI - APOLO III ( VIA MARAMBAIA ),475,12,0,0,302,312,51,0,0
660,405 - CAXIAS X PIABETÁ (LOTE XV),544,3,0,0,391,269,0,0,0
656,412I - PAVUNA -SEROPÉDICA,402,10,0,0,326,316,14,0,0
652,462I - NOVA IGUACU X RUA DA SERRA,377,3,0,0,368,284,0,0,0
652,415T-MV - BARRA DA TIJUCA - MAGÉ,495,14,0,0,242,304,106,0,0
646,MP70DK - MIGUEL PEREIRA - TRES RIOS,396,6,0,0,319,327,0,0,0
646,559B - PARQUE SÃO VICENTE - CENTRAL,432,26,0,0,304,322,20,0,0
638,538MA - ZUMBI X NITEROI,366,3,0,0,325,313,0,0,0
631,540 - NOVA IGUAÇU - RICARDO DE ALBUQUERQUE,470,2,0,0,317,314,0,0,0
629,728D - SANTA ISABEL - CANDELÁRIA,437,11,0,0,275,296,58,0,0
627,425T - QUEIMADOS X BARRA DA TIJUCA,428,35,0,0,311,316,0,0,0
622,R2SCZ - ESTAÇÃO SANTA CRUZ - SUPERVIA,275,5,0,0,322,300,0,0,0
620,R3NIU - ESTAÇÃO NOVA IGUAÇU - SUPERVIA,286,8,0,0,298,322,0,0,0
618,200 - N.IGUACUXB.ROXO (AREIA BRANCA),388,4,0,0,492,126,0,0,0
614,709A - CHARITAS - CASTELO,423,12,0,0,265,297,52,0,0
613,133001 - ITAGUAI - CENTRAL,417,7,0,0,253,295,65,0,0
601,L1 SPN - Estação Saens Peña - Metrô,289,7,0,0,274,327,0,0,0
599,904T - DUQUE DE CAXIAS - SANTA CRUZ - SAC,397,10,0,0,221,332,46,0,0
593,4144T - TERMINAL ITAIPUAÇU - NITEROI (AC),416,19,0,0,336,257,0,0,0
593,"122T - ITAGUAÍ - MANGARATIBA ""SA""",418,9,0,0,253,283,57,0,0
593,2100 - TERESOPOLIS X GUAPIMIRIM SA,319,3,0,0,197,230,166,0,0
592,128006 - J. IPÊ - CAXIAS,312,4,0,0,301,291,0,0,0
590,3400M - Bairro das Palmeiras - Niterói (via BR-101),376,10,0,0,287,303,0,0,0
584,110417 - VILAR DOS TELES X CENTRAL,434,20,0,0,259,236,89,0,0
582,L1 LMC - Estação Largo do Machado - Metrô,297,6,0,0,315,267,0,0,0
582,547L - NOVA IGUAÇU - RICARDO DE ALBUQUERQUE,439,1,0,0,268,314,0,0,0
575,730-DA - CHARITAS - CASTELO VIA FONSECA,364,13,0,0,243,252,80,0,0
560,805 - MAGE X PARAISO,383,4,0,0,121,123,316,0,0
559,2146A - MARICA X CASTELO TA (VIA CENTRO),444,31,0,0,273,286,0,0,0
555,175I - BELFORD ROXO - QUEIMADOS (VIA DUTRA),354,7,0,0,329,226,0,0,0
547,571 - N. CAMPINAS X CENTRAL,385,14,0,0,255,266,26,0,0
543,488M - VISTA ALEGRE - NITERÓI (VIA BOA VISTA DO LARANJAL),378,17,0,0,255,188,100,0,0
542,422 - GRAMA X PAVUNA,427,3,0,0,303,239,0,0,0
542,471C - SARACURUNA - PASSEIO,353,19,0,0,271,261,10,0,0
538,486 - XEREM X PASSEIO (CENTRAL),412,16,0,0,244,259,35,0,0
536,266 - MACAE- CABO FRIO URB,391,6,0,0,283,153,100,0,0
535,118B - NOVA IGUAÇU - PRAÇA XV,342,20,0,0,222,264,49,0,0
534,520DA - J. ALCÂNTARA X ESTÁCIO (V. DR MARCH),351,7,0,0,256,275,3,0,0
525,560I - JACERUBA - QUEIMADOS,251,6,0,0,293,232,0,0,0
524,750A - SANTA ROSA - ESTÁCIO,355,8,0,0,210,257,57,0,0
517,4146D - ITAIPUACU - CASTELO TA,360,34,0,0,247,244,26,0,0
514,412M - NITEROI - JARDIM SAO LOURENÇO (VIA BR-101),321,8,0,0,255,259,0,0,0
513,R2BGU - ESTAÇÃO BANGU - SUPERVIA,254,3,0,0,253,260,0,0,0
510,105P - PARACAMBI - NOVA IGUAÇU,321,15,0,0,203,200,107,0,0
502,425T - QUEIMADOS - BARRA DA TIJUCA,363,21,0,0,205,197,100,0,0
497,"516I - NILOPOLIS - KM 2,5 (VIA SHOPPING)",346,3,0,0,266,231,0,0,0
493,111418 - JD. REDENTOR X MAUA,352,18,0,0,217,217,59,0,0
492,171002 - D. DE CAXIAS - S. J. DE MERITI( VIA V. VELHA),306,2,0,0,226,158,108,0,0
483,493P - PONTO CHIC - CENTRAL,341,9,0,0,176,230,77,0,0
478,416M - MANILHA - NITERÓI (VIA NOVO HORIZONTE/PLANALTO DO MARAMBAIA),340,11,0,0,251,186,41,0,0
475,134B - NOVA IGUAÇU - VILA ISABEL,293,16,0,0,221,218,36,0,0
458,740D - CHARITAS - IPANEMA,362,6,0,0,232,224,2,0,0
457,708I - MIGUEL COUTO X PAVUNA (METRO) VIA DUTRA,322,9,0,0,181,158,118,0,0
451,524MA - NITEROI X PONTAL,329,3,0,0,236,215,0,0,0
449,4146T - TERMINAL ITAIPUAÇU - CASTELO (AC),360,17,0,0,234,215,0,0,0
446,492M - NITERÓI - JARDIM CATARINA ( VIA BR-101 ),329,10,0,0,220,162,64,0,0
444,167004 - CENTRAL - EDEN,280,7,0,0,230,214,0,0,0
444,479I - NOVA IGUAÇU - P. DE LUCAS ( VIA DEORORO),363,13,0,0,255,189,0,0,0
443,550M - NITERÓI - SÃO PEDRO,343,10,0,0,179,222,42,0,0
441,119TD - DUQUE DE CAXIAS - ITAGUAÍ,339,7,0,0,176,176,89,0,0
438,R3QMO - ESTAÇÃO QUEIMADOS - SUPERVIA,212,8,0,0,201,237,0,0,0
436,571R - NITERÓI - ENGENHO DO ROÇADO,287,12,0,0,207,224,5,0,0
433,L2 CNT - Estação Coelho Neto - Metrô,225,7,0,0,228,205,0,0,0
426,511 - CAXIAS X PARQUE PAULISTA,345,2,0,0,162,208,56,0,0
423,533D - Alcântara - Méier (via PPCS),287,6,0,0,223,174,26,0,0
417,105 - MATARUNA - IMBOASSICA,284,4,0,0,221,149,47,0,0
416,112417 - PCA XV X VILAR DOS TELES,317,10,0,0,199,217,0,0,0
412,R1SCO - SÃO CRISTÓVÃO,211,9,0,0,201,211,0,0,0
406,R3EPA - ESTAÇÃO ENGENHEIRO PEDREIRA - SUPERVIA,185,7,0,0,184,222,0,0,0
401,608I - N. IGUAÇU-NS DO ROSÁRIO (V.MARILÉIA E AUSTIN),269,2,0,0,219,134,48,0,0
396,L2 IRJ - Estação Irajá - Metrô,207,5,0,0,207,189,0,0,0
396,L1 SCP - Estação Siqueira Campos - Metrô,213,14,0,0,187,209,0,0,0
389,113C - DUQUE DE CAXIAS - CIDADE UNIVERSITÁRIA,220,38,0,0,171,143,75,0,0
382,520B - SÃO FRANCISCO - CENTRAL,264,5,0,0,210,172,0,0,0
381,523B - CENTRAL - SGT. RONCALI (VIA PQ.SAO VICENTE),297,5,0,0,147,234,0,0,0
381,104C - CAXIAS - PRAÇA MAUÁ (CAIS PORTO\VIGÁRIO GERAL SEM AR),275,15,0,0,127,132,122,0,0
377,113417 - CACUIA X VILAR DOS TELES,323,3,0,0,123,216,38,0,0
376,114417 - PQ. SAO JOSE X PCA MAUA,277,15,0,0,197,166,13,0,0
371,564T - DUQUE DE CAXIAS - CAMPO GRANDE (VIA PARADA DE LUCAS),292,27,0,0,190,162,19,0,0
370,R1DDO - ESTAÇÃO DEODORO - SUPERVIA,204,4,0,0,184,186,0,0,0
369,L1 URI - Estação Uruguai - Metrô,203,8,0,0,167,202,0,0,0
363,L1 POZ - Estação Praça Onze - Metrô,214,8,0,0,171,192,0,0,0
363,L1 CNL - Estação Cinelândia - Metrô,208,12,0,0,194,169,0,0,0
361,599I - MIGUEL COUTO X PAVUNA,243,10,0,0,170,191,0,0,0
354,CAXIAS - PETRÓPOLIS -  DUQUE DE CAXIAS,152,2,0,0,135,158,61,0,0
352,746P - P. SÃO FRANCISCO - CAMPO GRANDE,274,4,0,0,116,236,0,0,0
352,655 I - N IGUAÇU - VILA EMIL (VIA COSMORAMA),262,1,0,0,172,180,0,0,0
347,718D - ALCÂNTARA - MADUREIRA ( VIA PRAÇA DA NAÇÕES/PENHA ),246,9,0,0,173,128,46,0,0
347,156 - MACAE - QUISSAMA (VIA CARAPEBUS),133,13,0,0,141,133,73,0,0
345,L2 VCV - Estação Vicente de Carvalho - Metrô,186,5,0,0,179,166,0,0,0
342,491P - AUSTIN - CENTRAL,257,24,0,0,189,153,0,0,0
340,R5CXS - ESTAÇÃO DUQUE DE CAXIAS - SUPERVIA,190,5,0,0,169,171,0,0,0
337,556C - JARDIM DO YPE - CENTRAL (VIA W. LUIZ),244,22,0,0,157,148,32,0,0
337,587M - SÃO GONÇALO - VENDA DAS PEDRAS,271,3,0,0,125,114,98,0,0
334,L1 FLA - Estação Flamengo - Metrô,163,7,0,0,165,169,0,0,0
334,"458S - CAMPO GRANDE - ITAGUAÍ (VIA AV. BRASIL/BR101) ""SA""",273,15,0,0,193,125,16,0,0
330,710I - QUEIMADOS - PAVUNA,278,5,0,0,178,152,0,0,0
317,L2 CNO - Estaçao Cidade Nova - metrô,191,3,0,0,147,170,0,0,0
316,R1MNA - MARACANÃ,169,10,0,0,157,159,0,0,0
316,9721D - BOTAFOGO - SANTA ISABEL,196,23,0,0,163,140,13,0,0
315,407T - NOVA IGUAÇU X RECREIO (VIA TRANSOLÍMPICA),213,14,0,0,174,141,0,0,0
314,L2 MRC - Estação Maracanã - Metrô,170,5,0,0,160,154,0,0,0
312,L1 GLR - Estação Glória - Metrô,155,5,0,0,174,138,0,0,0
310,L2 SCR - Estação São Cristovão - Metrô,182,13,0,0,155,155,0,0,0
310,101C - DUQUE DE CAXIAS - CENTRAL (VIA VIGÁRIO GERAL),221,38,0,0,141,153,16,0,0
308,R5GRM - ESTAÇÃO GRAMACHO - SUPERVIA,157,9,0,0,150,158,0,0,0
308,L4 JOC - Estação Jardim Oceânico,197,8,0,0,161,147,0,0,0
307,508 - CAXIAS X SARACURUNA (BR 493),244,2,0,0,115,134,58,0,0
300,L1 PVG - Estação Presidente Vargas - Metrô,159,2,0,0,131,169,0,0,0
299,543 - NOVA IGUAÇU - MEIER (ENG. DENTRO),260,1,0,0,155,144,0,0,0
298,553M - NITERÓI - SACRAMENTO ( VIA BAIRRO LEGIÃO ),217,10,0,0,205,77,16,0,0
297,121TD - DUQUE DE CAXIAS - ITAGUAÍ,261,8,0,0,151,146,0,0,0
297,110503 - VILA SÃO LUIZ - CENTRAL,185,8,0,0,158,129,10,0,0
294,400T - BELFORD ROXO X BARRA DA TIJUCA,218,16,0,0,146,148,0,0,0
292,528MA - NITEROI X GALO BRANCO(V.BARRO VERMELHO),228,1,0,0,99,129,64,0,0
285,478B - MESQUITA - CENTRAL (VIA CHATUBA),217,6,0,0,136,132,17,0,0
283,S100A - CANTAGALO - CORDEIRO,173,1,0,0,138,145,0,0,0
283,"1406I - DUQUE DE CAXIAS X PIABETA (VIA BONGABA)  ""A""",213,7,0,0,97,100,86,0,0
283,106P - PARACAMBI - NOVA IGUAÇU,200,8,0,0,145,104,34,0,0
281,L2 DCT - Estação Del Castilho - Metrô,161,3,0,0,135,146,0,0,0
277,"1404I - DUQUE DE CAXIAS X PIABETÁ (VIA MARACANÃ) ""A""",216,10,0,0,92,117,68,0,0
274,503 - NITEROI X ALCANTARA (VIA TRIBOBÓ),184,42,0,0,135,138,1,0,0
273,110464 - ANDORINHAS X CENTRAL,200,13,0,0,124,149,0,0,0
270,488P - BOA ESPERANÇA - CENTRAL,199,15,0,0,133,137,0,0,0
268,703B - C. SOARES - M. S. SEBASTIÃO,204,6,0,0,127,121,20,0,0
266,R1MER - ESTAÇÃO MÉIER - SUPERVIA,147,5,0,0,138,128,0,0,0
262,416T - DUQUE DE CAXIAS - BARRA DA TIJUCA (RAPIDO),217,6,0,0,103,131,28,0,0
260,758M - MORADA DO SOL - TRIBOBÓ,193,5,0,0,194,66,0,0,0
257,478I - MESQUITA - MARGARIDAS  (VIA CHATUBA),219,5,0,0,109,110,38,0,0
256,2100D - Niterói - Castelo,175,9,0,0,122,134,0,0,0
256,570P - ITAGUAÍ - MARECHAL HERMES,187,5,0,0,152,104,0,0,0
255,748L - MORRO AGUDO - PAVUNA ( VIA ROCHA SOBRINHO),210,1,0,0,156,99,0,0,0
254,701-M - ITABORAÍ - LARGO DA IDEIA,173,4,0,0,127,88,39,0,0
249,110196 - GUAPI X CENTRAL,217,13,0,0,150,88,11,0,0
247,L2 ERP - Estação Eng Rubens Paiva - Metrô,130,3,0,0,113,134,0,0,0
246,522B - CENTRAL - PQ. SAO VICENTE,199,4,0,0,158,88,0,0,0
241,L1 GNO - Estação General Osório - metrô,142,8,0,0,123,118,0,0,0
238,493 - CENTRAL - PONTO CHIC,188,4,0,0,119,119,0,0,0
238,MP779 - MIGUEL PEREIRA - VALE DAS VIDEIRAS,157,1,0,0,134,104,0,0,0
236,R2PCA - ESTAÇÃO PACIÊNCIA - SUPERVIA,129,3,0,0,121,115,0,0,0
233,S100 - CANTAGALO - CORDEIRO,152,1,0,0,148,85,0,0,0
233,L2 CLG - Estação Colégio - Metrô,124,3,0,0,112,121,0,0,0
232,L1 CTT - Estação Catete - Metrô,126,3,0,0,106,126,0,0,0
226,459B - QUEIMADOS - PENHA,176,8,0,0,91,82,53,0,0
225,R3ATN - ESTAÇÃO AUSTIN - SUPERVIA,107,6,0,0,120,105,0,0,0
223,81 - CHARITAS - BARRA DA TIJUCA (VIA JARDIM BOTÂNICO) SAC,175,4,0,0,99,75,49,0,0
223,133B - NOVA IGUACU - CENTRAL,190,7,0,0,121,102,0,0,0
222,R3NLS - ESTAÇÃO NILÓPOLIS - SUPERVIA,117,7,0,0,109,107,6,0,0
221,L2 AFB - Estação Acari Fazenda Botafogo - Metrô,110,3,0,0,118,103,0,0,0
221,521D - ALCÂNTARA - CANDELÁRIA,181,2,0,0,113,108,0,0,0
221,100R - MARICÁ X ITABORAÍ (VIA RJ-114) SAC,152,2,0,0,104,86,31,0,0
220,721D - ALCÂNTARA - BOTAFOGO,152,3,0,0,98,122,0,0,0
219,R1EDO - ESTAÇÃO ENGENHO DE DENTRO - SUPERVIA,118,7,0,0,103,116,0,0,0
214,L1 SFX - Estação São Francisco Xavier - Metrô,122,5,0,0,114,100,0,0,0
213,526B - CENTRAL - ITAIPU,132,6,0,0,97,96,20,0,0
210,566D - MANILHA - CANDELÁRIA ( VIA PPCS ),164,13,0,0,85,102,23,0,0
210,134I - NOVA IGUAÇU -  CAXIAS ( VIA VIGARIO GERAL),184,12,0,0,109,100,1,0,0
208,L2 MGR - Estação Maria da Graça - Metrô,126,5,0,0,100,108,0,0,0
207,515I - QUEIMADOS - CAMPO ALEGRE,137,1,0,0,130,77,0,0,0
207,L1 CTG - Estação Cantagalo - Metrô,116,6,0,0,100,107,0,0,0
204,499P - CABUÇÚ - CENTRAL,170,28,0,0,102,101,1,0,0
200,6146D - CASTELO X ITAIPUAÇU RUA 128 AC,140,18,0,0,96,92,12,0,0
199,479B - MESQUITA - CENTRAL (VIA EDSON PASSOS),151,7,0,0,87,112,0,0,0
198,L1 ESA - Estação Estácio - Metrô,108,4,0,0,112,86,0,0,0
198,R4BRX - ESTAÇÃO BELFORD ROXO - SUPERVIA,105,6,0,0,98,100,0,0,0
196,670 - C.DE MACACU - FRIBURGO URB,154,3,0,0,70,74,52,0,0
194,568D - ITAMBI - CANDELÁRIA ( VIA PPCS ),165,10,0,0,110,79,5,0,0
194,MB18SEC - NITERÓI - RIO BONITO ( VIA DUQUES ),153,1,0,0,111,83,0,0,0
193,428 - SÃO GONÇALO X VILA IZABEL (UERJ),156,17,0,0,86,102,5,0,0
192,518B - CENTRAL - HELIOPOLIS,151,6,0,0,115,77,0,0,0
190,100R - MARICA - ITABORAI (VIA RJ-114) SAC,135,1,0,0,103,87,0,0,0
189,"457UD - CONCEIÇÃO DE JACAREÍ - ITAGUAÍ (VIA MANGARATIBA) ""SAC""",166,3,0,0,51,138,0,0,0
189,411PB - PIABETÁ - PETRÓPOLIS,163,2,0,0,81,108,0,0,0
186,574 DK - NITEROI-SAQUA/ARA V.JAC URB,155,2,0,0,98,88,0,0,0
185,L4 AQT - Estação Antero de Quental,119,5,0,0,83,102,0,0,0
182,L2 ERN - Estação Engenho da Rainha - Metrô,96,5,0,0,89,93,0,0,0
180,554I - CAXIAS X MANTIQUEIRA,154,1,0,0,95,85,0,0,0
180,PXV-COC - PRAÇAXV X COCOTA,96,5,0,0,80,100,0,0,0
179,504 - ALCANTARA X RIO BONITO,133,14,0,0,93,86,0,0,0
179,L4 SCO - Estação São Conrado,96,4,0,0,84,95,0,0,0
178,585I - NOVA IGUAÇU - JACERUBA,147,2,0,0,70,72,36,0,0
176,424D - Alcântara - Campo Grande (via Água Branca),140,9,0,0,64,78,34,0,0
174,414M - MORADA DO SOL - NITERÓI ( VIA MONTE VERDE ),130,8,0,0,74,40,60,0,0
174,742P - CABUÇU - CAMPO GRANDE,147,2,0,0,104,70,0,0,0
170,R3CSS - ESTAÇÃO COMENDADOR SOARES - SUPERVIA,81,4,0,0,94,76,0,0,0
169,L1 CAV - Estação Cardeal Arcoverde - Metrô,99,5,0,0,76,93,0,0,0
169,480I - NOVA IGUAÇU - PARQUE INDUSTRIAL,133,10,0,0,59,92,18,0,0
168,558 - TRES RIOS X PARAIBA DO SUL,82,6,0,0,77,57,34,0,0
166,L2 TRG - Estação Triagem - Metrô,100,5,0,0,81,85,0,0,0
165,472C - ANA CLARA - CENTRAL,136,11,0,0,70,95,0,0,0
165,557I - DUQUE DE CAXIAS - PILAR (VIA FUNDAÇÃO CRISTO REDENTOR),115,1,0,0,68,97,0,0,0
163,530 - QUEIMADOS X CENTRAL,115,18,0,0,76,75,12,0,0
159,R2CMS - ESTAÇÃO COSMOS - SUPERVIA,79,3,0,0,73,76,10,0,0
158,492P - VILA DE CAVA X CENTRAL,131,19,0,0,81,77,0,0,0
157,471 - TAQUARA X CENTRAL (VIA JARDIM ANHANGA),132,9,0,0,44,91,22,0,0
155,R3RAE - ESTAÇÃO RICARDO DE ALBUQUERQUE - SUPERVIA,82,4,0,0,72,83,0,0,0
155,524B - CENTRAL - NOVA AURORA,123,3,0,0,64,91,0,0,0
154,775 - NOVA AURORA X MIGUEL COUTO,114,1,0,0,72,82,0,0,0
150,467C - YPIRANGA - CENTRAL,123,11,0,0,74,76,0,0,0
149,535R - V.DAS MOCAS - NITEROI SA,118,19,0,0,61,78,10,0,0
148,NIGUACU - PETRÓPOLIS - NOVA IGUAÇU,102,8,0,0,76,47,25,0,0
147,L2 INH - Estação Inhaúma - Metrô,79,3,0,0,70,77,0,0,0
147,133016 - CAMPO GRANDE - CAMPO LINDO,118,2,0,0,78,69,0,0,0
146,517M - FAZENDA DOS MINEIROS - NITERÓI ( VIA PORTO VELHO ),134,2,0,0,146,0,0,0,0
143,406 I - DUQUE DE CAXIAS X PIABETA (VIA BONGABA),126,3,0,0,66,77,0,0,0
142,167016 - BOM PASTOR - CENTRAL,96,4,0,0,74,68,0,0,0
142,267 - MACAE-CABO FRIO  CONV,59,26,0,0,52,78,12,0,0
142,L4 JAH - Estação Jardim de Alah,78,4,0,0,78,64,0,0,0
141,556 - TRES RIOS X POSSE,54,2,0,0,55,64,22,0,0
140,725-DA - FONSECA - SÃO CRISTÓVÃO,101,3,0,0,65,75,0,0,0
137,R2SCA - ESTAÇÃO SENADOR CAMARÁ - SUPERVIA,75,3,0,0,65,72,0,0,0
137,556 - ITAIPUA?U - ITAIPU,94,6,0,0,81,56,0,0,0
135,R3JRI - ESTAÇÃO JAPERI - SUPERVIA,78,4,0,0,53,82,0,0,0
135,111P - CENTRO X CONRADO,96,1,0,0,81,54,0,0,0
131,501P - MIGUEL COUTO- CENTRAL ( PARADOR ),107,27,0,0,63,62,6,0,0
130,400T - BELFORD ROXO - BARRA DA TIJUCA,104,9,0,0,60,70,0,0,0
129,651I - MESQUITA - MARGARIDAS (VIA VIA LIGHT),110,5,0,0,28,44,57,0,0
129,560 - PRAÇA XV X VENDA DAS PEDRAS (VIA PPCS),104,27,0,0,65,60,4,0,0
127,488 - BOA ESPERANÇA - CENTRAL,99,10,0,0,64,63,0,0,0
126,510 - CABUÇU X CENTRAL,84,22,0,0,64,60,2,0,0
126,501 - ALCANTARA X CASTELO,93,18,0,0,64,62,0,0,0
125,727D - CABUÇU - CANDELÁRIA,86,11,0,0,67,58,0,0,0
123,R5BCO - ESTAÇÃO BONSUCESSO - SUPERVIA,62,4,0,0,68,55,0,0,0
122,R5SAR - ESTAÇÃO SARACURUNA - SUPERVIA,65,7,0,0,60,62,0,0,0
121,548 - NITEROI X MARICA (VIA TRIBOBO),96,12,0,0,63,52,6,0,0
121,2590R - P.NEGRA - CASTELO TA,95,8,0,0,62,59,0,0,0
121,538R - NITERÓI X ITAIPU AC ( AV.CENTRAL X EWERTON XAVIER),91,10,0,0,67,41,13,0,0
118,4146V - ITAIPUAÇU  - CASTELO - DIRETO,102,9,0,0,56,62,0,0,0
112,479I - MESQUITA - MARGARIDAS (VIA EDSON PASSOS),95,6,0,0,58,54,0,0,0
111,R2IBA - ESTAÇÃO INHOAÍBA - SUPERVIA,63,2,0,0,55,56,0,0,0
111,MB34 - RIO BONITO - TANGUÁ,85,1,0,0,47,64,0,0,0
109,1721D - ALCÂNTARA - CANDELÁRIA,55,20,0,0,66,43,0,0,0
107,665 - NOVA IGUAÇU - EDSON PASSOS (VIA EMILIO GUAD.),88,1,0,0,26,53,28,0,0
106,438P - CACARIA - SEROPÉDICA,63,2,0,0,42,42,22,0,0
105,L1 AFP - Estação Afonso Pena - Metrô,72,2,0,0,56,49,0,0,0
105,R2RLO - ESTAÇÃO REALENGO - SUPERVIA,64,3,0,0,55,50,0,0,0
104,517 - MARICA X CASTELO,80,8,0,0,55,41,8,0,0
101,L4 NSP - Estação Nossa Senhora da Paz,72,5,0,0,56,45,0,0,0
100,111416 - JD. GRAMACHO X CENTRAL,74,3,0,0,55,45,0,0,0
99,R3MQA - ESTAÇÃO MESQUITA - SUPERVIA,55,3,0,0,48,51,0,0,0
98,125Q - ALDEIA DA PRATA - SÃO GONÇALO,76,3,0,0,31,67,0,0,0
98,R1SFX - ESTAÇÃO SÃO FRANCISCO XAVIER - SUPERVIA,61,3,0,0,47,51,0,0,0
94,108C - DUQUE DE CAXIAS - ESTÁCIO,65,14,0,0,38,26,30,0,0
94,5721D - APOLO III - PASSEIO,47,28,0,0,51,42,1,0,0
92,519B - AREIA BRANCA - CENTRAL,71,2,0,0,31,45,16,0,0
92,R2TNS - ESTAÇÃO TANCREDO NEVES - SUPERVIA,46,2,0,0,48,44,0,0,0
90,123Q - MAGÉ - ITABORAÍ,73,4,0,0,45,45,0,0,0
90,R3EPS - ESTAÇÃO EDSON PASSOS - SUPERVIA,49,3,0,0,40,50,0,0,0
90,R1MHS - ESTAÇÃO MARECHAL HERMES - SUPERVIA,50,3,0,0,42,48,0,0,0
89,637T - XEREM X LEBLON,70,4,0,0,36,53,0,0,0
88,R5CT8 - CORTE 8,48,5,0,0,46,42,0,0,0
87,MP778 - MIGUEL PEREIRA - PETRÓPOLIS,75,1,0,0,36,51,0,0,0
86,567L - DUQUE DE CAXIAS - FREGUESIA (VIA LINHA AMARELA),58,9,0,0,30,41,15,0,0
84,765I - PIABETÁ - XERÉM (VIA NOVA CAMPINA E IMBARIÊ),72,1,0,0,39,45,0,0,0
83,R2AVS - ESTAÇÃO AUGUSTO VASCONCELOS - SUPERVIA,48,2,0,0,46,37,0,0,0
82,L2 TCL - Estação Thomaz Coelho - Metrô,41,3,0,0,42,40,0,0,0
80,526 - NOVA CAMPINA X CENTRAL,65,11,0,0,34,39,7,0,0
79,114I - JAPERI - SEROPÉDICA,52,1,0,0,42,37,0,0,0
78,R5TGM - TRIAGEM,38,3,0,0,38,40,0,0,0
77,6144U - NITERÓI - ITAIPUAÇU [RUA 128],48,12,0,0,43,27,7,0,0
77,R1ENO - ESTAÇÃO ENGENHO NOVO - SUPERVIA,47,2,0,0,39,38,0,0,0
75,726D - CANDELÁRIA - SANTA LUZIA,59,4,0,0,45,30,0,0,0
74,R3ATA - ESTAÇÃO ANCHIETA - SUPERVIA,44,2,0,0,40,34,0,0,0
74,544R - MARICÁ X RIO DO OURO VIA FLAME,59,4,0,0,33,23,18,0,0
74,527 - PARQUE SAO VICENTE X CENTRAL,59,12,0,0,32,42,0,0,0
72,461C - RAIZ DA SERRA - CENTRAL,64,10,0,0,24,48,0,0,0
72,MB17 - CANDELÁRIA - RIO BONITO,51,2,0,0,41,31,0,0,0
71,511QSEC - NITERÓI - IMBARIÊ (VIA MAGÉ E PIABETÁ),58,5,0,0,37,34,0,0,0
71,4146H - TER. ITAIPUAÇU X  CANDELÁRIA ( VIA VIVENDAS),62,4,0,0,35,36,0,0,0
71,R1OCZ - ESTAÇÃO OSWALDO CRUZ - SUPERVIA,40,2,0,0,30,41,0,0,0
71,R1RCO - ESTAÇÃO RIACHUELO - SUPERVIA,44,2,0,0,38,33,0,0,0
70,532 - SARACURUNA X CENTRAL,53,14,0,0,38,29,3,0,0
69,R2MBS - ESTAÇÃO MAGALHÃES BASTOS - SUPERVIA,48,2,0,0,32,37,0,0,0
69,491 - AUSTIN - CENTRAL,58,9,0,0,25,44,0,0,0
69,R2GSA - ESTAÇÃO GUILHERME DA SILVEIRA - SUPERVIA,45,3,0,0,40,29,0,0,0
68,R2PML - ESTAÇÃO PADRE MIGUEL - SUPERVIA,42,3,0,0,33,35,0,0,0
68,R5MGS - ESTAÇÃO MANGUINHOS - SUPERVIA,41,2,0,0,37,31,0,0,0
67,1901T - CONCEIÇÃO DE JACAREÍ - DUQUE DE CAXIAS,56,9,0,0,47,20,0,0,0
67,R2STO - ESTAÇÃO SANTÍSSIMO - SUPERVIA,40,2,0,0,39,28,0,0,0
66,592I - JAPERI - PAVUNA,49,2,0,0,31,35,0,0,0
66,111 - Avelar - Governador Portela - VIA RJ-125,59,3,0,0,29,37,0,0,0
65,R1QTO - ESTAÇÃO QUINTINO - SUPERVIA,41,2,0,0,25,40,0,0,0
64,663 - FRIBURGO - B.DOS PASSOS URB,55,1,0,0,27,20,17,0,0
63,R5PLS - ESTAÇÃO LUCAS - SUPERVIA,36,2,0,0,32,31,0,0,0
63,1400 - TERESOPOLIS X MAGE,40,8,0,0,25,17,21,0,0
63,R1CDA - ESTAÇÃO CASCADURA - SUPERVIA,43,2,0,0,34,29,0,0,0
62,R5PHA - ESTAÇÃO PENHA - SUPERVIA,37,2,0,0,33,29,0,0,0
62,4144C - NITEROI X ITAIPUACU TA  (VIA VIVENDAS),49,10,0,0,32,30,0,0,0
62,555 - NITEROI X VENDAS DAS PEDRAS (VIA BR 101),55,14,0,0,28,32,2,0,0
60,533 - SARGENTO RONCALI X CENTRAL (VIA PARQUE SÃO VICENTE),50,10,0,0,36,22,2,0,0
59,2590A - PONTA NEGRA X CANDELÁRIA,52,2,0,0,38,21,0,0,0
59,469 - SANTA CRUZ DA SERRA X PASSEIO ( CENTRAL),57,4,0,0,24,21,14,0,0
56,R4MMA - ESTAÇÃO MERCADÃO DE MADUREIRA - SUPERVIA,35,2,0,0,28,28,0,0,0
56,452B - VILA CAMORIM X CENTRAL,44,5,0,0,27,22,7,0,0
55,4146G - TERMINAL  IÇU X CASTELO T A ( VIA VIVENDAS),48,14,0,0,36,18,1,0,0
55,R2BME - ESTAÇÃO BENJAMIM DO MONTE - SUPERVIA,34,2,0,0,29,26,0,0,0
55,557 - SAO GONÇALO X PASSEIO,46,9,0,0,27,24,4,0,0
55,R5VGL - ESTAÇÃO VIGÁRIO GERAL - SUPERVIA,27,1,0,0,23,32,0,0,0
55,CA1000 - NITEROI X RESENDE,49,5,0,0,25,30,0,0,0
54,R3PCI - ESTAÇÃO PARACAMBI - SUPERVIA,31,2,0,0,30,24,0,0,0
54,R5ORA - ESTAÇÃO OLARIA - SUPERVIA,30,2,0,0,22,32,0,0,0
54,561 - SÃO GONÇALO X VILA ISABEL (VIA PPCS),45,11,0,0,21,31,2,0,0
54,1121Q - MAGÉ - NITERÓI ( VIA ITAMBI ),26,9,0,0,23,30,1,0,0
53,559 - RIO BONITO X PRAÇA XV,40,5,0,0,28,25,0,0,0
53,462C - PIABETA - CENTRAL (VIA BONGABA),41,5,0,0,26,21,6,0,0
53,4146B - CASTELO X ITAPUAÇU RECANTO (VIA VIVENDAS),51,10,0,0,26,27,0,0,0
53,R5CES - ESTAÇÃO CAMPOS ELÍSIOS - SUPERVIA,28,2,0,0,30,23,0,0,0
51,3721D - ALCÂNTARA - BOTAFOGO,28,15,0,0,32,19,0,0,0
51,R3OLA - ESTAÇÃO OLINDA - SUPERVIA,28,2,0,0,17,34,0,0,0
51,1941D - NITERÓI - NOVA IGUAÇU ( VIA PPCS/DUTRA ),21,10,0,0,21,24,6,0,0
50,662 - NOVA FRIBURGO - CORREGO DE SANTO ANTONIO,34,1,0,0,21,18,11,0,0
50,R1PIE - ESTAÇÃO PIEDADE - SUPERVIA,29,3,0,0,31,19,0,0,0
50,552 - NITEROI X RIO BONITO,41,5,0,0,21,29,0,0,0
50,R4JHO - ESTAÇÃO JACAREZINHO - SUPERVIA,30,2,0,0,23,27,0,0,0
50,534R - PONTA NEGRA X NITEROI,44,1,0,0,26,24,0,0,0
49,505 - ALCANTARA X VENDA DAS PEDRAS,44,7,0,0,19,30,0,0,0
48,10146D - MARICÁ - CASTELO,42,5,0,0,22,23,3,0,0
47,133007 - ITUAGUAI - NITEROI C/ AR,41,1,0,0,17,20,10,0,0
47,545 - ALCÂNTARA X PASSEIO (VIA DR MARCH),41,9,0,0,19,22,6,0,0
47,439I - NILOPOLIS - MESQUITA (MESQUITA EXTRA),44,2,0,0,17,19,11,0,0
47,R1PBA - ESTAÇÃO PRAÇA DA BANDEIRA - SUPERVIA,32,3,0,0,23,24,0,0,0
47,R1SPO - ESTAÇÃO SAMPAIO - SUPERVIA,25,1,0,0,27,20,0,0,0
47,R4CRA - ESTAÇÃO COELHO DA ROCHA - SUPERVIA,30,3,0,0,27,20,0,0,0
46,114B - NOVA IGUAÇU - CENTRAL,34,3,0,0,14,21,11,0,0
46,1415C - CENTRAL - JARDIM LEAL  (VIA GRAMACHO),24,12,0,0,22,19,5,0,0
46,2425D - Alcântara - Campo Grande (via Vila Militar),32,17,0,0,23,22,1,0,0
45,R4PVA - PAVUNA,30,2,0,0,15,30,0,0,0
45,543D - ANAIA  X CANDELARIA,37,1,0,0,21,24,0,0,0
45,R3PJO - ESTAÇÃO JUSCELINO - SUPERVIA,30,2,0,0,19,26,0,0,0
45,R5RMS - ESTAÇÃO RAMOS - SUPERVIA,24,2,0,0,20,25,0,0,0
44,473 - BOSSA NOVA X CENTRAL,39,2,0,0,35,9,0,0,0
44,R5JPA - ESTAÇÃO JARDIM PRIMAVERA - SUPERVIA,26,3,0,0,23,21,0,0,0
43,111125 - MAGE X CASTELO,40,9,0,0,24,19,0,0,0
42,750I - ENG. PEDREIRA - JACERUBA,29,3,0,0,26,16,0,0,0
42,4144S - NITERÓI X TERMINAL  IÇU  T A ( VIA VIVENDAS),40,13,0,0,21,15,6,0,0
41,112 - Avelar - Miguel Pereira - VIA RJ-125,33,2,0,0,15,26,0,0,0
40,124 - Itaguaí - Muriqui - VIA BR-101,38,2,0,0,20,20,0,0,0
39,565 - FIGUEIRA X CENTRAL (CAPIVARI),36,2,0,0,17,22,0,0,0
38,122 - Itaguaí - Itacuruça - VIA BR-101,33,2,0,0,25,13,0,0,0
38,PS10 - MIGUEL PEREIRA - COQUEIROS,38,2,0,0,28,10,0,0,0
38,1900T - CONCEIÇÃO DE JACAREÍ - D. DE CAXIAS (VIA C. GRANDE/BR-101),31,3,0,0,18,9,11,0,0
38,R1BRO - ESTAÇÃO BENTO RIBEIRO - SUPERVIA,22,4,0,0,20,18,0,0,0
38,R5PCR - ESTAÇÃO PENHA CIRCULAR - SUPERVIA,25,3,0,0,22,16,0,0,0
37,R5CDL - ESTAÇÃO CORDOVIL - SUPERVIA,21,1,0,0,17,20,0,0,0
37,6144R - RUA 126 X NITEROI (TA),27,3,0,0,15,22,0,0,0
37,565 - ANDRADE PINTO X TRES RIOS,24,1,0,0,20,13,4,0,0
37,136 - Rio Bonito - Silva Jardim - VIA BR-101/RJ-140,32,2,0,0,21,16,0,0,0
36,584 - NITEROI X ARARUAMA AC,16,11,0,0,16,13,7,0,0
36,525 - NOVA AURORA X CENTRAL (VIA HELIÓPOLIS),27,5,0,0,21,15,0,0,0
36,XEREM - PETRÓPOLIS X XEREM,28,1,0,0,11,15,10,0,0
36,703-M - MANILHA - LARGO DA IDEIA ( VIA ESTRADA DO SAPÊ ),31,3,0,0,32,4,0,0,0
35,537C - NITERÓI - ITAIPU,26,4,0,0,19,12,4,0,0
35,494P - AUSTIN - CENTRAL (CACUIA PAR),26,8,0,0,16,19,0,0,0
35,817 - CHARITAS - IPANEMA AC,22,14,0,0,24,9,2,0,0
35,113B - NOVA IGUAÇU - CENTRAL,28,2,0,0,7,28,0,0,0
35,1930D - DUQUE DE CAXIAS - NITERÓI ( VIA PPCS ),19,7,0,0,22,12,1,0,0
34,588 - SAO JOSE X AREAL SA,24,5,0,0,14,15,5,0,0
33,664 - FRIBURGO - S.J.RIBEIRAO URB,19,2,0,0,13,13,7,0,0
33,1900TD - CONCEIÇÃO DE JACAREÍ - D. DE CAXIAS (VIA C. GRANDE/BR-101),30,5,0,0,16,13,4,0,0
32,497P - MIGUEL COUTO (AMBAÍ) - CENTRAL,27,8,0,0,23,8,1,0,0
30,"3461C - CENTRAL - PIABETA (VIA IMBARIE) ""A""",22,10,0,0,13,16,1,0,0
30,270 - B137 MACAE-R.BONITO V.R.OSTRAS,25,2,0,0,15,8,7,0,0
30,4110 - SÃO GONÇALO X CASTELO (V. PERIMETRAL),15,17,0,0,11,18,1,0,0
30,14146D - RUA 128 - CANDELÁRIA,25,4,0,0,17,13,0,0,0
30,507 - NITEROI X APOLO III (V. JARDIM FLUMINENSE),25,6,0,0,17,13,0,0,0
30,682 - NOVA FRIBURGO - MONERAT,28,1,0,0,14,16,0,0,0
30,1518B - CENTRAL - HELIOPOLIS,14,8,0,0,18,9,3,0,0
30,524 - MIGUEL COUTO X CENTRAL (VIA LUIS LEMOS),25,6,0,0,12,16,2,0,0
29,546 - NITEROI X MAGE (VIA ITAMBI),23,4,0,0,12,17,0,0,0
29,432C - PARQUE DAS MISSÕES - CENTRAL,15,3,0,0,8,10,11,0,0
28,543 - NITEROI X JOQUEI CLUB (VIA TRIBOBO/OASIS),25,4,0,0,17,11,0,0,0
28,534A - NITERÓI - JACONÉ,22,2,0,0,12,7,9,0,0
27,R4CBS - ESTAÇÃO COSTA BARROS - SUPERVIA,13,1,0,0,15,12,0,0,0
27,405A - VILA M. HELENA X CENTRAL,23,1,0,0,10,17,0,0,0
26,536 - XEREM X CENTRAL,21,7,0,0,16,10,0,0,0
25,521 - CENTRAL X ITAGUAI,19,6,0,0,11,14,0,0,0
25,514 - DUQUE DE CAXIAS X CAMPO GRANDE (VIA EDEN),22,5,0,0,17,8,0,0,0
25,837 - CHARITAS-GAVEA V LAPA,14,9,0,0,12,11,2,0,0
25,1000 - CONCEICAO DE MACABU X MACAE,15,7,0,0,11,12,2,0,0
25,534 - TAQUARA X CENTRAL (VIA PARADA ANGÉLICA),23,4,0,0,17,8,0,0,0
24,200 - Guapimirim x Teresópolis,20,2,0,0,15,9,0,0,0
24,5460 - BARRA DA TIJUCA - ITAGUAÍ,14,6,0,0,3,19,2,0,0
24,121 - Itaguaí - Conceição de Jacareí - VIA BR-101,22,1,0,0,9,8,7,0,0
24,2520VTA - JARDIM ALCANTARA - ESTACIO,15,5,0,0,15,8,1,0,0
24,574 - PETROPOLIS X AREAL SA,18,5,0,0,13,11,0,0,0
23,2950C - DUQUE DE CAXIAS - CASTELO ( VIA 25 DE AGOSTO),11,11,0,0,12,9,2,0,0
22,R4BFO - ESTAÇÃO BARROS FILHO - SUPERVIA,11,1,0,0,12,10,0,0,0
21,R4HGL - ESTAÇÃO HORNÓRIO GURGEL - SUPERVIA,13,1,0,0,6,15,0,0,0
21,508 - AUSTIN X CENTRAL (VIA TIO LUIZ),15,7,0,0,11,9,1,0,0
21,535 - VILA DE CAVA X CENTRAL,17,5,0,0,14,7,0,0,0
21,448C - PIABETA-CENTRAL (VIA PENHA),18,1,0,0,12,9,0,0,0
21,R3LAJ - ESTAÇÃO LAGES - SUPERVIA,13,2,0,0,8,13,0,0,0
21,419C - JARDIM LEAL - CIDADE UNIVERSITARIA (VIA GRAMACHO),17,4,0,0,9,11,1,0,0
21,651B - MESQUITA - CENTRAL (VIA VIA LIGHT),14,3,0,0,15,6,0,0,0
20,551 - NITEROI X PORTAO DO ROSA,18,9,0,0,11,9,0,0,0
20,126 - Araruama - Cabo Frio - VIA RJ-106,19,3,0,0,10,10,0,0,0
20,133 - Casimiro de Abreu - Rio Bonito - VIA BR-101,17,2,0,0,10,10,0,0,0
19,218 - Macaé x Unamar,19,2,0,0,10,9,0,0,0
19,2102C - CAXIAS - PRAÇA MAUÁ (VIA PRES. VARGAS COM AR),13,7,0,0,6,12,1,0,0
19,271 - MACAE-R.BONITO/R.LEAO URB,16,3,0,0,8,8,3,0,0
19,600N - BAIRRO VONA - CENTRAL,15,2,0,0,6,6,7,0,0
18,2000 - MACAE X SANTA MARIA MADALENA,15,3,0,0,3,13,2,0,0
18,109 - Arcozelo - Governador Portela - VIA RJ-125,18,1,0,0,11,7,0,0,0
18,201 - Magé x Teresópolis,16,2,0,0,9,9,0,0,0
18,R5BPA - ESTAÇÃO BRÁS DE PINA - SUPERVIA,10,1,0,0,9,9,0,0,0
18,865 - CHARITAS - GALEAO AC,9,8,0,0,9,8,1,0,0
18,6146E - CASTELO X ITAIPUAÇU RUA 66 (VIA BARROCO),16,2,0,0,5,13,0,0,0
18,2951C - DUQUE DE CAXIAS - CASTELO ( VIA 25 DE AGOSTO/ITATIAIA),9,13,0,0,7,7,4,0,0
17,530 - QUEIMADOS - RIO DE JANEIRO,15,2,0,0,8,9,0,0,0
17,4146F - CANDELÁRIA X ITAPUAÇU RECANTO (VIA VIVENDAS),12,1,0,0,11,6,0,0,0
16,R4APO - ESTAÇÃO AGOSTINHO PORTO - SUPERVIA,8,3,0,0,3,13,0,0,0
16,684DK - FRIBURGO - BANQUETE URB,9,3,0,0,5,6,5,0,0
16,R2VMR - ESTAÇÃO VILA MILITAR - SUPERVIA,12,3,0,0,5,11,0,0,0
16,533X - ALCÂNTARA X MEIER (VIA SÃO CRISTOVÃO),14,1,0,0,7,9,0,0,0
16,12146D - ITAIPUAÇU - CANDELÁRIA,15,3,0,0,8,8,0,0,0
15,206 - Arcozelo - Japeri - VIA RJ-125,13,2,0,0,9,6,0,0,0
15,R4RMA - ESTAÇÃO ROCHA MIRANDA - SUPERVIA,9,1,0,0,6,9,0,0,0
15,1522B - CENTRAL - PQ. SAO VICENTE,10,6,0,0,8,7,0,0,0
15,522 - MAGE X CENTRAL,12,7,0,0,9,6,0,0,0
14,1926D - CANDELÁRIA - VENDA DAS PEDRAS ( VIA PPCS ),11,5,0,0,7,7,0,0,0
14,218 - MACA? - UNAMAR,13,2,0,0,3,11,0,0,0
14,528 - PIABETÁ X CENTRAL (VIA IMBARIÊ),12,6,0,0,5,9,0,0,0
14,519 - GUAPIMIRIM X CENTRAL,12,5,0,0,9,5,0,0,0
14,2545 - ALCÂNTARA X CASTELO,8,9,0,0,5,8,1,0,0
14,4545 - ALCÂNTARA X CASTELO (VIA PERIMETRAL),9,8,0,0,6,8,0,0,0
13,167011 - VILAR DOS TELES - CASTELO,6,2,0,0,6,7,0,0,0
13,1000 - TERESOPOLIS X SOLEDADE,10,2,0,0,12,0,1,0,0
13,"590I - ITAGUAÍ - NONO (VIA CAÇADOR) ""SA"".",9,2,0,0,8,5,0,0,0
13,654 - FRIBURGO - T.DE MORAIS URB,8,1,0,0,8,4,1,0,0
12,4425D - BARRETO X CAMPO GRANDE ( VILA MILITAR ),8,5,0,0,8,4,0,0,0
12,498 - CAIÇARAS - CENTRAL,8,3,0,0,6,2,4,0,0
12,2740D - CHARITAS - IPANEMA,9,3,0,0,8,4,0,0,0
11,415TMS2 - BARRA DA TIJUCA - MAGE,11,7,0,0,8,3,0,0,0
11,210 - Araruama - Macaé - VIA RJ-106,11,2,0,0,6,5,0,0,0
11,510 - ESTRADA DA PALHADA - LINHA VERMELHA,11,1,0,0,7,4,0,0,0
11,875 - Macaé - Buzios Conv,11,2,0,0,5,6,0,0,0
11,590 - CHARITAS - GAVEA V.S. BARBARA AC,9,5,0,0,6,5,0,0,0
10,269 - CARAPEBUS - CABO FRIO,6,4,0,0,9,1,0,0,0
10,214 - Cachoeiras de Macacu - Nova Frigurgo - VIA RJ-116,9,2,0,0,5,5,0,0,0
10,502 - ALCANTARA X CURUZU,9,2,0,0,5,5,0,0,0
10,134 - Casimiro de Abreu - Rio das Ostras - VIA BR-101/RJ-162,10,1,0,0,3,7,0,0,0
10,1931D - SÃO GONÇALO - DUQUE DE CAXIAS (VIA B. CONSTANT/PORTO VELHO),5,5,0,0,4,6,0,0,0
10,2462C - PIABETÁ X PASSEIO (AC),6,6,0,0,7,3,0,0,0
9,R4TCO - ESTAÇÃO TOMÁS COELHO - SUPERVIA,7,1,0,0,3,6,0,0,0
9,1111C - DUQUE DE CAXIAS - CENTRAL (VIA 25 DE AGOSTO/ITATIAIA),5,4,0,0,3,3,3,0,0
9,217 - Macaé x São Pedro da Aldeia,9,1,0,0,6,3,0,0,0
9,520 - HELIÓPOLIS X CENTRAL (VIA ANDRADE ARAÚJO),7,2,0,0,3,6,0,0,0
9,438L - DUQUE DE CAXIAS X VIGÁRIO GERAL (CIRCULAR),6,8,0,0,5,3,1,0,0
9,494 - AUSTIN - CENTRAL (VIA CACUIA),7,2,0,0,4,5,0,0,0
8,301 - Araruama - Rio de Janeiro - VIA RJ-106,8,2,0,0,5,2,1,0,0
8,503 - ALCÂNTARA - NITERÓI,8,1,0,0,4,4,0,0,0
8,1413M - NITERÓI - VENDA DAS PEDRAS ( VIA BR-101 ),6,4,0,0,6,1,1,0,0
8,587 - TRES RIOS X AREAL,3,4,0,0,1,7,0,0,0
8,749 - CHARITAS - GÁVEA (VIA TÚNEL SANTA BÁRBARA) AC,5,2,0,0,3,4,1,0,0
8,L4 GOS2 - Estação General Osório 2,5,1,0,0,1,7,0,0,0
8,526 - NOVA CAMPINA- RIO DE JANEIRO,8,1,0,0,6,2,0,0,0
8,"3404I - PIABETA X PENHA ""A""",8,7,0,0,4,4,0,0,0
8,131 - CABO FRIO - RIO DAS OSTRAS,8,1,0,0,2,6,0,0,0
8,1950C - DUQUE DE CAXIAS - PRAÇA MAUA (VIA VIGARIO GERAL),5,3,0,0,7,1,0,0,0
8,1960B - NOVA IGUAÇU  X   CASTELO(VIA V. NOVA),3,2,0,0,2,4,2,0,0
7,302 - Araruama - Niterói - VIA RJ-106,7,2,0,0,2,5,0,0,0
7,613 - ITAIPU - CASTELO AC,4,4,0,0,5,2,0,0,0
7,R4VRI - ESTAÇÃO VILA ROSALI - SUPERVIA,5,1,0,0,4,3,0,0,0
7,MAD - PETRÓPOLIS - MADUREIRA,6,1,0,0,3,3,1,0,0
7,526 - RIO DE JANEIRO X NOVA CAMPINA,7,1,0,0,2,5,0,0,0
7,R4PRS - ESTAÇÃO PILARES - SUPERVIA,4,1,0,0,3,4,0,0,0
7,144C - SÃO GONÇALO - DUQUE DE CAXIAS ( VIA DOUTOR MARCH ),5,1,0,0,2,5,0,0,0
7,126 - ARARUAMA - CABO FRIO - VIA RJ-106,7,1,0,0,4,3,0,0,0
7,546 - MAGE - NITEROI,7,1,0,0,6,1,0,0,0
7,415TMV2 - BARRA DA TIJUCA - MAGE,6,4,0,0,4,2,1,0,0
7,540 - NITEROI X ITAMBI,6,1,0,0,1,6,0,0,0
7,546 - MAG? - NITER?I,7,1,0,0,2,5,0,0,0
7,100 - Conquista - Teresópolis - VIA RJ-130,7,2,0,0,2,5,0,0,0
7,562 - PETROPOLIS X SAO JOSE A,4,2,0,0,3,4,0,0,0
7,1MB10SE - NITERÓI - RIO BONITO,5,5,0,0,4,0,3,0,0
6,608 - ARARUAMA X MACAE AC,1,3,0,0,2,2,2,0,0
6,653 - FRIBURGO - S.M.MADALENA URB,2,1,0,0,4,2,0,0,0
6,554 - NITERÓI X VÁRZEA DAS MOÇAS (VIA TRIBOBÓ),6,4,0,0,3,3,0,0,0
6,128 - Bacaxá - Iguaba Grande - VIA RJ-106,4,1,0,0,3,3,0,0,0
6,1955B - NOVA IGUAÇU  X  CASTELO (VIA P. CASADO),4,2,0,0,2,2,2,0,0
6,2721D - ALCÂNTARA - CASTELO,4,3,0,0,4,2,0,0,0
6,510 - CABUÇU - CENTRAL,5,1,0,0,3,3,0,0,0
6,531 - RAIZ DA SERRA X CENTRAL,6,4,0,0,4,2,0,0,0
6,130 - Cabo Frio - Iguaba Grande - VIA RJ-140/RJ-106,6,1,0,0,3,3,0,0,0
6,527 - PARQUE SAO VICENTE - CENTRAL,5,1,0,0,3,2,1,0,0
6,R4DCO - ESTAÇÃO DEL CASTILHO - SUPERVIA,5,1,0,0,5,1,0,0,0
6,212 - Barra de São João - Macaé - VIA RJ-106,6,2,0,0,3,3,0,0,0
6,1102C - DUQUE DE CAXIAS - PRAÇA MAUÁ (VIA 25 DE AGOSTO),3,1,0,0,3,3,0,0,0
5,167013 - EDEN - CASTELO,4,2,0,0,2,3,0,0,0
5,216 - Macaé x Rio das Ostras,5,2,0,0,0,5,0,0,0
5,208 - Carapebus x Rio das Ostras,5,2,0,0,2,3,0,0,0
5,166 - CAMPOS X QUISSAMÃ VIA CONDE DE ARARUAMA,3,2,0,0,2,1,2,0,0
5,123 - Itaguaí - Mangaratiba - VIA BR-101,5,2,0,0,4,1,0,0,0
5,508 - AUSTIN - CENTRAL (VIA TIO LUIZ),5,2,0,0,4,1,0,0,0
5,113 - Miguel Pereira - Três Rios - VIA RJ-125/RJ-131,5,1,0,0,3,2,0,0,0
5,550 - NILOPOLIS X CENTRAL (VIA VILA NOVA),5,1,0,0,3,2,0,0,0
5,558 - PIABETA X PENHA,5,3,0,0,4,1,0,0,0
5,131 - Cabo Frio - Rio das Ostras - VIA RJ-140/RJ-106,5,1,0,0,5,0,0,0,0
5,501 - CALCANTARA X CASTELO,5,1,0,0,2,3,0,0,0
4,546 - Niteroi - Mage (Via Itambi),4,1,0,0,2,2,0,0,0
4,304 - Cachoeiras de Macacu - Rio de Janeiro - VIA RJ-116/BR-101,4,1,0,0,2,1,1,0,0
4,2415T - DUQUE DE CAXIAS - BARRA DA TIJUCA AC,3,2,0,0,2,1,1,0,0
4,2533D - Alcântara - Méier (via PPCS),3,3,0,0,1,3,0,0,0
4,"3559B - CENTRAL - PARQUE SÃO VICENTE ""A""",4,4,0,0,0,4,0,0,0
4,215 - Macaé x Rio Bonito,4,1,0,0,4,0,0,0,0
4,2470C - TAQUARA - PRAÇA MAUA,4,3,0,0,2,2,0,0,0
4,508 - AUSTIN - RIO DE JANEIRO,3,1,0,0,1,3,0,0,0
4,114 - Campos x São Francisco do Itabapoana,3,2,0,0,1,1,2,0,0
4,213 - Cabo Frio - Macaé - VIA RJ-140/RJ-106,4,1,0,0,2,2,0,0,0
4,2111C - DUQUE DE CAXIAS - CANDELARIA (VIA VIGARIO GERAL,3,3,0,0,1,3,0,0,0
3,1940D - NITERÓI - NOVA IGUAÇU ( VIA SÃO JOÃO/PPCS ),2,2,0,0,2,0,1,0,0
3,529 - IPIRANGA X CENTRAL,3,2,0,0,1,1,1,0,0
3,179 - CHARITAS X GALEAO,3,1,0,0,0,3,0,0,0
3,R4CCE - ESTAÇÃO CAVALCANTE - SUPERVIA,2,1,0,0,1,2,0,0,0
3,500 - SÃO GONÇALO X ALDEIA DA PRATA,3,1,0,0,2,1,0,0,0
3,1956B - CABUÇU  X  CASTELO  (VIA P. CASADO),2,2,0,0,2,1,0,0,0
3,137 - Rio das Ostras - São Pedro da Aldeia - VIA RJ-106,3,1,0,0,2,1,0,0,0
3,930 - CABO FRIO - MACAÉ,3,1,0,0,3,0,0,0,0
2,531 - RAIZ DA SERRA - CENTRAL,2,1,0,0,1,1,0,0,0
2,115 - Conceição de Macabu x Macaé;,2,2,0,0,1,1,0,0,0
2,595 - TRES RIOS X BEMPOSTA,1,1,0,0,1,1,0,0,0
2,558 - PIABETÁ x PENHA,2,1,0,0,2,0,0,0,0
2,1200 - TERESOPOLIS X NOVA FRIBURGO,1,1,0,0,2,0,0,0,0
2,586 - TRES RIOS X PARAIBA DO SUL - MICROONIBUS,2,1,0,0,1,1,0,0,0
2,536 - XERÉM - RIO DE JANEIRO,2,1,0,0,2,0,0,0,0
2,204 - Rio das Ostras - Teresópolis - VIA BR-101,2,1,0,0,0,2,0,0,0
2,267SECC - MACAE- CABO FRIO,2,1,0,0,0,2,0,0,0
2,303 - Cabo Frio - Rio de Janeiro - VIA RJ-106,2,2,0,0,0,2,0,0,0
2,211 - ARMACAO DOS BUZIOS X MACAE - VIA RJ-102/RJ-106,2,1,0,0,1,1,0,0,0
2,2423 - SÃO GONÇALO X VILA IZABEL (SANSPENA),2,2,0,0,1,1,0,0,0
2,524 - MIGUEL COUTO-CENTRAL,2,1,0,0,0,2,0,0,0
1,1001 - CONCEICAO DE MACABU X MACAE (A),1,1,0,0,1,0,0,0,0
1,101 - Nova Friburgo - VIA RJ-116,1,1,0,0,1,0,0,0,0
1,111125 - MAGÉ - CASTELO,1,1,0,0,1,0,0,0,0
1,2144M - MARICA - NITEROI REVISAO TA,1,1,0,0,1,0,0,0,0
1,211 - Armação dos Búzios - Macaé - VIA RJ-102/RJ-106,1,1,0,0,1,0,0,0,0
1,169 - CAMPOS X QUISSAMÃ VIA CONDE DE ARARUAMA AC,1,1,0,0,1,0,0,0,0
1,167 - CAMPOS X QUISSAMÃ VIA FLECHEIRA E BELA VISTA,1,1,0,0,1,0,0,0,0
1,531 - RAIZ DA SERRA - RIO DE JANEIRO,1,1,0,0,0,0,1,0,0
1,1700 - TERESOPOLIS X SÃO JOSE DO  VALE DO RIO PRETO,1,1,0,0,0,0,1,0,0
1,529 - PRAIA DE MAUA - RIO DE JANEIRO,1,1,0,0,0,1,0,0,0
